target,outer_fold,example_id,class,mean_probability,std_probability,predicted_label,threshold
GDS_R1,1,0,1,0.945706307888031,0.05449287220835686,1,0.4
GDS_R1,1,0,2,0.0463285967707634,0.04545346647500992,0,0.4
GDS_R1,1,0,3,0.04005684703588486,0.04527715593576431,0,0.4
GDS_R1,1,1,1,0.926974356174469,0.045247647911310196,1,0.4
GDS_R1,1,1,2,0.04934781417250633,0.02864551730453968,0,0.4
GDS_R1,1,1,3,0.04429420828819275,0.03789665549993515,0,0.4
GDS_R1,1,2,1,0.9203471541404724,0.051481109112501144,1,0.4
GDS_R1,1,2,2,0.06168422847986221,0.04673432931303978,0,0.4
GDS_R1,1,2,3,0.04983285441994667,0.05533895641565323,0,0.4
GDS_R1,1,3,1,0.9299867153167725,0.044390901923179626,1,0.4
GDS_R1,1,3,2,0.06785383820533752,0.05522415041923523,0,0.4
GDS_R1,1,3,3,0.04671534150838852,0.029158763587474823,0,0.4
GDS_R1,1,4,1,0.8055852651596069,0.05982029810547829,1,0.4
GDS_R1,1,4,2,0.15332096815109253,0.047240160405635834,0,0.4
GDS_R1,1,4,3,0.08908656984567642,0.035282235592603683,0,0.4
GDS_R1,2,0,1,0.8725116848945618,0.07140614092350006,1,0.4
GDS_R1,2,0,2,0.11117897182703018,0.059488408267498016,0,0.4
GDS_R1,2,0,3,0.038100771605968475,0.02338407374918461,0,0.4
GDS_R1,2,1,1,0.9455394744873047,0.03950085863471031,1,0.4
GDS_R1,2,1,2,0.04392549395561218,0.029217224568128586,0,0.4
GDS_R1,2,1,3,0.0126534104347229,0.010266025550663471,0,0.4
GDS_R1,2,2,1,0.9152103662490845,0.050917450338602066,1,0.4
GDS_R1,2,2,2,0.07266250252723694,0.03894400596618652,0,0.4
GDS_R1,2,2,3,0.030251918360590935,0.021558566018939018,0,0.4
GDS_R1,2,3,1,0.88983154296875,0.05441916361451149,1,0.4
GDS_R1,2,3,2,0.0891689583659172,0.04946301504969597,0,0.4
GDS_R1,2,3,3,0.045457299798727036,0.029068265110254288,0,0.4
GDS_R1,2,4,1,0.9325226545333862,0.03984491154551506,1,0.4
GDS_R1,2,4,2,0.05133200064301491,0.02873324230313301,0,0.4
GDS_R1,2,4,3,0.021148256957530975,0.018190735951066017,0,0.4
GDS_R1,3,0,1,0.9183657169342041,0.054000865668058395,1,0.4
GDS_R1,3,0,2,0.09787698090076447,0.062267906963825226,0,0.4
GDS_R1,3,0,3,0.04393650218844414,0.03156280890107155,0,0.4
GDS_R1,3,1,1,0.8519578576087952,0.06945229321718216,1,0.4
GDS_R1,3,1,2,0.15557876229286194,0.05442342162132263,0,0.4
GDS_R1,3,1,3,0.06772826611995697,0.0408133864402771,0,0.4
GDS_R1,3,2,1,0.8159778714179993,0.06126262992620468,1,0.4
GDS_R1,3,2,2,0.19514167308807373,0.06410476565361023,0,0.4
GDS_R1,3,2,3,0.08855642378330231,0.038872938603162766,0,0.4
GDS_R1,3,3,1,0.9551719427108765,0.02947106771171093,1,0.4
GDS_R1,3,3,2,0.05882886052131653,0.041670896112918854,0,0.4
GDS_R1,3,3,3,0.025820964947342873,0.016738438978791237,0,0.4
GDS_R1,3,4,1,0.8668876886367798,0.047841958701610565,1,0.4
GDS_R1,3,4,2,0.148783877491951,0.05940829589962959,0,0.4
GDS_R1,3,4,3,0.0717441663146019,0.04284382984042168,0,0.4
GDS_R1,4,0,1,0.7132330536842346,0.07529565691947937,1,0.5
GDS_R1,4,0,2,0.3281664550304413,0.06944074481725693,0,0.5
GDS_R1,4,0,3,0.008860861882567406,0.01144107710570097,0,0.5
GDS_R1,4,1,1,0.9722869396209717,0.018491452559828758,1,0.5
GDS_R1,4,1,2,0.03571644425392151,0.029388999566435814,0,0.5
GDS_R1,4,1,3,0.0001421023189323023,0.00020190770737826824,0,0.5
GDS_R1,4,2,1,0.9877421855926514,0.013506846502423286,1,0.5
GDS_R1,4,2,2,0.016839802265167236,0.015859471634030342,0,0.5
GDS_R1,4,2,3,1.7681037206784822e-05,2.6429104764247313e-05,0,0.5
GDS_R1,4,3,1,0.9914047122001648,0.00832336861640215,1,0.5
GDS_R1,4,3,2,0.01416697632521391,0.012931184843182564,0,0.5
GDS_R1,4,3,3,1.4355636267282534e-05,2.6009773137047887e-05,0,0.5
GDS_R1,4,4,1,0.9274926781654358,0.04768090695142746,1,0.5
GDS_R1,4,4,2,0.09245126694440842,0.05421013757586479,0,0.5
GDS_R1,4,4,3,0.0006947449874132872,0.0015949010848999023,0,0.5
GDS_R1,5,0,1,0.6878805756568909,0.08914432674646378,1,0.5
GDS_R1,5,0,2,0.3256199359893799,0.08004117757081985,0,0.5
GDS_R1,5,0,3,0.005283411126583815,0.006748742889612913,0,0.5
GDS_R1,5,1,1,0.9162954688072205,0.04410902038216591,1,0.5
GDS_R1,5,1,2,0.0836571678519249,0.03802333399653435,0,0.5
GDS_R1,5,1,3,0.0012258783681318164,0.002999005140736699,0,0.5
GDS_R1,5,2,1,0.9863703846931458,0.01312304474413395,1,0.5
GDS_R1,5,2,2,0.015105294063687325,0.024439861997961998,0,0.5
GDS_R1,5,2,3,7.093467138474807e-05,0.00018132307741325349,0,0.5
GDS_R1,5,3,1,0.9573394656181335,0.03785042464733124,1,0.5
GDS_R1,5,3,2,0.039528075605630875,0.03473090007901192,0,0.5
GDS_R1,5,3,3,0.0005296657327562571,0.0013944740639999509,0,0.5
GDS_R1,5,4,1,0.9738478064537048,0.023720111697912216,1,0.5
GDS_R1,5,4,2,0.026683570817112923,0.021857349202036858,0,0.5
GDS_R1,5,4,3,0.00019745482131838799,0.0004509249411057681,0,0.5
GDS_R2,1,0,1,0.920204758644104,0.04882262647151947,1,0.5
GDS_R2,1,0,2,0.08338426798582077,0.0460347905755043,0,0.5
GDS_R2,1,0,3,0.006451827473938465,0.009344029240310192,0,0.5
GDS_R2,1,1,1,0.7722554206848145,0.09387129545211792,1,0.5
GDS_R2,1,1,2,0.1308290809392929,0.057647705078125,0,0.5
GDS_R2,1,1,3,0.03221076726913452,0.06111094728112221,0,0.5
GDS_R2,1,2,1,0.9129064679145813,0.055833619087934494,1,0.5
GDS_R2,1,2,2,0.08933882415294647,0.050830528140068054,0,0.5
GDS_R2,1,2,3,0.011415955610573292,0.0280548557639122,0,0.5
GDS_R2,1,3,1,0.79779452085495,0.07380294799804688,1,0.5
GDS_R2,1,3,2,0.1975974589586258,0.06717279553413391,0,0.5
GDS_R2,1,3,3,0.029959235340356827,0.029655149206519127,0,0.5
GDS_R2,1,4,1,0.8781725168228149,0.05687359720468521,1,0.5
GDS_R2,1,4,2,0.12814871966838837,0.05326272174715996,0,0.5
GDS_R2,1,4,3,0.011831548064947128,0.019849400967359543,0,0.5
GDS_R2,2,0,1,0.23044034838676453,0.07752598077058792,0,0.5
GDS_R2,2,0,2,0.4854370355606079,0.03640710562467575,0,0.5
GDS_R2,2,0,3,0.18883298337459564,0.0621013268828392,0,0.5
GDS_R2,2,1,1,0.8125820755958557,0.07253225147724152,1,0.5
GDS_R2,2,1,2,0.15762615203857422,0.050159651786088943,0,0.5
GDS_R2,2,1,3,0.01903368905186653,0.02287469618022442,0,0.5
GDS_R2,2,2,1,0.9188771843910217,0.0490732416510582,1,0.5
GDS_R2,2,2,2,0.08284486830234528,0.03960193321108818,0,0.5
GDS_R2,2,2,3,0.0028788030613213778,0.004280490335077047,0,0.5
GDS_R2,2,3,1,0.2555414140224457,0.09211414307355881,0,0.5
GDS_R2,2,3,2,0.46030524373054504,0.04264604672789574,0,0.5
GDS_R2,2,3,3,0.19116416573524475,0.0605967678129673,0,0.5
GDS_R2,2,4,1,0.6894299387931824,0.06779220700263977,1,0.5
GDS_R2,2,4,2,0.2529316842556,0.037411049008369446,0,0.5
GDS_R2,2,4,3,0.03416555002331734,0.0371943898499012,0,0.5
GDS_R2,3,0,1,0.17508719861507416,0.05799735710024834,0,0.5
GDS_R2,3,0,2,0.52054363489151,0.05433062091469765,1,0.5
GDS_R2,3,0,3,0.3460335433483124,0.062006574124097824,0,0.5
GDS_R2,3,1,1,0.8091153502464294,0.06116212531924248,1,0.5
GDS_R2,3,1,2,0.1483309417963028,0.042671386152505875,0,0.5
GDS_R2,3,1,3,0.026996593922376633,0.020943479612469673,0,0.5
GDS_R2,3,2,1,0.662498950958252,0.051826730370521545,1,0.5
GDS_R2,3,2,2,0.24624240398406982,0.04400760307908058,0,0.5
GDS_R2,3,2,3,0.08530449867248535,0.04750558361411095,0,0.5
GDS_R2,3,3,1,0.3814864754676819,0.07271275669336319,0,0.5
GDS_R2,3,3,2,0.4051283895969391,0.04735654219985008,0,0.5
GDS_R2,3,3,3,0.1899356096982956,0.06182628870010376,0,0.5
GDS_R2,3,4,1,0.7427341938018799,0.05357978865504265,1,0.5
GDS_R2,3,4,2,0.19146928191184998,0.04558376595377922,0,0.5
GDS_R2,3,4,3,0.04129232466220856,0.02728414349257946,0,0.5
GDS_R2,4,0,1,0.5514081716537476,0.09658867120742798,1,0.5
GDS_R2,4,0,2,0.3755289316177368,0.06746523082256317,0,0.5
GDS_R2,4,0,3,0.05567524582147598,0.03980190306901932,0,0.5
GDS_R2,4,1,1,0.8258424401283264,0.06752081960439682,1,0.5
GDS_R2,4,1,2,0.1500946432352066,0.04743465408682823,0,0.5
GDS_R2,4,1,3,0.015699857845902443,0.018086956813931465,0,0.5
GDS_R2,4,2,1,0.7088873386383057,0.0808025598526001,1,0.5
GDS_R2,4,2,2,0.22134006023406982,0.05614582076668739,0,0.5
GDS_R2,4,2,3,0.037243906408548355,0.02400958724319935,0,0.5
GDS_R2,4,3,1,0.19526676833629608,0.0759095549583435,0,0.5
GDS_R2,4,3,2,0.5730069875717163,0.05503931641578674,1,0.5
GDS_R2,4,3,3,0.2575858533382416,0.07248280197381973,0,0.5
GDS_R2,4,4,1,0.5307026505470276,0.0737137719988823,1,0.5
GDS_R2,4,4,2,0.3740937411785126,0.051718562841415405,0,0.5
GDS_R2,4,4,3,0.07654475420713425,0.04973076283931732,0,0.5
GDS_R2,5,0,1,0.3145114779472351,0.06420522928237915,0,0.5
GDS_R2,5,0,2,0.5011837482452393,0.027548352256417274,1,0.5
GDS_R2,5,0,3,0.20174477994441986,0.06836343556642532,0,0.5
GDS_R2,5,1,1,0.9244987964630127,0.036448609083890915,1,0.5
GDS_R2,5,1,2,0.09221789985895157,0.03572143614292145,0,0.5
GDS_R2,5,1,3,0.0063271005637943745,0.007968149147927761,0,0.5
GDS_R2,5,2,1,0.8662810325622559,0.05333230271935463,1,0.5
GDS_R2,5,2,2,0.13863663375377655,0.048357948660850525,0,0.5
GDS_R2,5,2,3,0.01011725328862667,0.012892138212919235,0,0.5
GDS_R2,5,3,1,0.715080976486206,0.05416658893227577,1,0.5
GDS_R2,5,3,2,0.293483167886734,0.04446292668581009,0,0.5
GDS_R2,5,3,3,0.044252410531044006,0.033916834741830826,0,0.5
GDS_R2,5,4,1,0.6268020868301392,0.08026216179132462,1,0.5
GDS_R2,5,4,2,0.3179885447025299,0.051484618335962296,0,0.5
GDS_R2,5,4,3,0.062354832887649536,0.048247210681438446,0,0.5
GDS_R3,1,0,1,0.994215190410614,0.00654709292575717,1,0.5
GDS_R3,1,0,3,0.006805166136473417,0.007883217185735703,0,0.5
GDS_R3,1,1,1,0.9830725789070129,0.02166173793375492,1,0.5
GDS_R3,1,1,3,0.01946336217224598,0.023730261251330376,0,0.5
GDS_R3,1,2,1,0.9871066808700562,0.017399732023477554,1,0.5
GDS_R3,1,2,3,0.013043454848229885,0.019260361790657043,0,0.5
GDS_R3,1,3,1,0.9764384627342224,0.01869904063642025,1,0.5
GDS_R3,1,3,3,0.02314256690442562,0.018297813832759857,0,0.5
GDS_R3,1,4,1,0.7292587161064148,0.07328160107135773,1,0.5
GDS_R3,1,4,3,0.2640473544597626,0.08020453155040741,0,0.5
GDS_R3,2,0,1,0.7782142162322998,0.07327312976121902,1,0.5
GDS_R3,2,0,3,0.21453708410263062,0.06258135288953781,0,0.5
GDS_R3,2,1,1,0.9878202676773071,0.009102131240069866,1,0.5
GDS_R3,2,1,3,0.012750775553286076,0.00920051522552967,0,0.5
GDS_R3,2,2,1,0.949513852596283,0.03067636862397194,1,0.5
GDS_R3,2,2,3,0.04771480709314346,0.024082619696855545,0,0.5
GDS_R3,2,3,1,0.8935587406158447,0.04948245733976364,1,0.5
GDS_R3,2,3,3,0.10631656646728516,0.05611352249979973,0,0.5
GDS_R3,2,4,1,0.9592574834823608,0.026102202013134956,1,0.5
GDS_R3,2,4,3,0.03810711205005646,0.028618566691875458,0,0.5
GDS_R3,3,0,1,0.9604166150093079,0.033501796424388885,1,0.5
GDS_R3,3,0,3,0.03839558735489845,0.029505964368581772,0,0.5
GDS_R3,3,1,1,0.7339817881584167,0.0718580111861229,1,0.5
GDS_R3,3,1,3,0.28076404333114624,0.06734294444322586,0,0.5
GDS_R3,3,2,1,0.9859982132911682,0.02015766315162182,1,0.5
GDS_R3,3,2,3,0.013770448043942451,0.01759365387260914,0,0.5
GDS_R3,3,3,1,0.7413401007652283,0.07784555107355118,1,0.5
GDS_R3,3,3,3,0.2611277997493744,0.07348732650279999,0,0.5
GDS_R3,3,4,1,0.9829431772232056,0.03763079643249512,1,0.5
GDS_R3,3,4,3,0.01679816097021103,0.035937462002038956,0,0.5
GDS_R3,4,0,1,0.7422986626625061,0.049160029739141464,1,0.5
GDS_R3,4,0,3,0.25706860423088074,0.04887958988547325,0,0.5
GDS_R3,4,1,1,0.971666157245636,0.023040838539600372,1,0.5
GDS_R3,4,1,3,0.02505398727953434,0.01800239086151123,0,0.5
GDS_R3,4,2,1,0.9894171357154846,0.010438195429742336,1,0.5
GDS_R3,4,2,3,0.010823680087924004,0.0098579665645957,0,0.5
GDS_R3,4,3,1,0.992729663848877,0.007858618162572384,1,0.5
GDS_R3,4,3,3,0.007092281710356474,0.0073293717578053474,0,0.5
GDS_R3,4,4,1,0.9307222962379456,0.044715747237205505,1,0.5
GDS_R3,4,4,3,0.0693424791097641,0.041710857301950455,0,0.5
GDS_R3,5,0,1,0.634174644947052,0.06295273452997208,1,0.5
GDS_R3,5,0,3,0.36397048830986023,0.06618569046258926,0,0.5
GDS_R3,5,1,1,0.9166572690010071,0.03044844977557659,1,0.5
GDS_R3,5,1,3,0.0810665711760521,0.03128547966480255,0,0.5
GDS_R3,5,2,1,0.981601893901825,0.016095176339149475,1,0.5
GDS_R3,5,2,3,0.017551952973008156,0.014217243529856205,0,0.5
GDS_R3,5,3,1,0.9346683025360107,0.04253451153635979,1,0.5
GDS_R3,5,3,3,0.059510089457035065,0.043239228427410126,0,0.5
GDS_R3,5,4,1,0.9643902778625488,0.03234323114156723,1,0.5
GDS_R3,5,4,3,0.033488329499959946,0.028968313708901405,0,0.5
GDS_R4,1,0,1,0.027889320626854897,0.02084263786673546,0,0.5
GDS_R4,1,0,2,0.909732460975647,0.054526060819625854,1,0.5
GDS_R4,1,0,3,0.024871360510587692,0.028065508231520653,0,0.5
GDS_R4,1,1,1,0.3155924081802368,0.028258563950657845,0,0.5
GDS_R4,1,1,2,0.693081259727478,0.03921182081103325,1,0.5
GDS_R4,1,1,3,0.01733105257153511,0.03367660567164421,0,0.5
GDS_R4,1,2,1,0.027540430426597595,0.022281574085354805,0,0.5
GDS_R4,1,2,2,0.9036669731140137,0.048858948051929474,1,0.5
GDS_R4,1,2,3,0.031371548771858215,0.03300395980477333,0,0.5
GDS_R4,1,3,1,0.30515408515930176,0.04547113925218582,0,0.5
GDS_R4,1,3,2,0.7225447297096252,0.050117481499910355,1,0.5
GDS_R4,1,3,3,0.006772034335881472,0.01447245292365551,0,0.5
GDS_R4,1,4,1,0.3331280052661896,0.03168768435716629,0,0.5
GDS_R4,1,4,2,0.6911596059799194,0.04395148530602455,1,0.5
GDS_R4,1,4,3,0.01148897036910057,0.03765619546175003,0,0.5
GDS_R4,2,0,1,0.14660248160362244,0.040862005203962326,0,0.4
GDS_R4,2,0,2,0.8168947100639343,0.04625594615936279,1,0.4
GDS_R4,2,0,3,0.05194190889596939,0.029240667819976807,0,0.4
GDS_R4,2,1,1,0.14601290225982666,0.04000794515013695,0,0.4
GDS_R4,2,1,2,0.8570871949195862,0.04595320299267769,1,0.4
GDS_R4,2,1,3,0.026486830785870552,0.021128755062818527,0,0.4
GDS_R4,2,2,1,0.1746491640806198,0.05534768104553223,0,0.4
GDS_R4,2,2,2,0.7703413367271423,0.05335284769535065,1,0.4
GDS_R4,2,2,3,0.07304344326257706,0.03397359326481819,0,0.4
GDS_R4,2,3,1,0.15274548530578613,0.05641614645719528,0,0.4
GDS_R4,2,3,2,0.8394508361816406,0.04752705246210098,1,0.4
GDS_R4,2,3,3,0.048165012151002884,0.029463350772857666,0,0.4
GDS_R4,2,4,1,0.14426757395267487,0.05718820542097092,0,0.4
GDS_R4,2,4,2,0.8479530215263367,0.043795060366392136,1,0.4
GDS_R4,2,4,3,0.041594792157411575,0.03068949282169342,0,0.4
GDS_R4,3,0,1,0.06054823845624924,0.04855500906705856,0,0.5
GDS_R4,3,0,2,0.8916136026382446,0.05406713858246803,1,0.5
GDS_R4,3,0,3,0.013251341879367828,0.019726529717445374,0,0.5
GDS_R4,3,1,1,0.025882964953780174,0.021901167929172516,0,0.5
GDS_R4,3,1,2,0.952319324016571,0.03484940901398659,1,0.5
GDS_R4,3,1,3,0.0083064129576087,0.012769888155162334,0,0.5
GDS_R4,3,2,1,0.10424242168664932,0.03955983743071556,0,0.5
GDS_R4,3,2,2,0.8815918564796448,0.04090583324432373,1,0.5
GDS_R4,3,2,3,0.0073748137801885605,0.009763972833752632,0,0.5
GDS_R4,3,3,1,0.022849928587675095,0.034267980605363846,0,0.5
GDS_R4,3,3,2,0.9385549426078796,0.031125549226999283,1,0.5
GDS_R4,3,3,3,0.019164910539984703,0.02496289648115635,0,0.5
GDS_R4,3,4,1,0.01777605712413788,0.018267426639795303,0,0.5
GDS_R4,3,4,2,0.952087938785553,0.03250737860798836,1,0.5
GDS_R4,3,4,3,0.01609581895172596,0.015364089049398899,0,0.5
GDS_R4,4,0,1,0.32463765144348145,0.03823171555995941,0,0.5
GDS_R4,4,0,2,0.6777998208999634,0.04152793437242508,1,0.5
GDS_R4,4,0,3,0.003705117153003812,0.006286719813942909,0,0.5
GDS_R4,4,1,1,0.11428993940353394,0.0567801408469677,0,0.5
GDS_R4,4,1,2,0.839741051197052,0.05141614004969597,1,0.5
GDS_R4,4,1,3,0.012852916494011879,0.021052565425634384,0,0.5
GDS_R4,4,2,1,0.20734195411205292,0.04470973089337349,0,0.5
GDS_R4,4,2,2,0.7600038647651672,0.04094073548913002,1,0.5
GDS_R4,4,2,3,0.007197902072221041,0.009603660553693771,0,0.5
GDS_R4,4,3,1,0.13323260843753815,0.04150126874446869,0,0.5
GDS_R4,4,3,2,0.8096103072166443,0.04773802310228348,1,0.5
GDS_R4,4,3,3,0.02238903008401394,0.0315888375043869,0,0.5
GDS_R4,4,4,1,0.23870684206485748,0.06000397354364395,0,0.5
GDS_R4,4,4,2,0.721693754196167,0.04800361767411232,1,0.5
GDS_R4,4,4,3,0.011204857379198074,0.0460950993001461,0,0.5
GDS_R4,5,0,1,0.17470255494117737,0.04319531470537186,0,0.5
GDS_R4,5,0,2,0.8066631555557251,0.04670775309205055,1,0.5
GDS_R4,5,0,3,0.006699983961880207,0.00859894324094057,0,0.5
GDS_R4,5,1,1,0.2222985029220581,0.04925737529993057,0,0.5
GDS_R4,5,1,2,0.7528572082519531,0.048984576016664505,1,0.5
GDS_R4,5,1,3,0.006783223710954189,0.00988580659031868,0,0.5
GDS_R4,5,2,1,0.10499876737594604,0.03920780122280121,0,0.5
GDS_R4,5,2,2,0.8697689771652222,0.040807683020830154,1,0.5
GDS_R4,5,2,3,0.004136551637202501,0.006658457685261965,0,0.5
GDS_R4,5,3,1,0.2095807045698166,0.05171063914895058,0,0.5
GDS_R4,5,3,2,0.7557716965675354,0.053603578358888626,1,0.5
GDS_R4,5,3,3,0.006909998133778572,0.01609163172543049,0,0.5
GDS_R4,5,4,1,0.1723531186580658,0.04653788357973099,0,0.5
GDS_R4,5,4,2,0.7841151356697083,0.045766666531562805,1,0.5
GDS_R4,5,4,3,0.008971180766820908,0.016406310722231865,0,0.5
GDS_R5,1,0,1,0.02726517617702484,0.023243704810738564,0,0.5
GDS_R5,1,0,2,0.7576415538787842,0.0542072169482708,1,0.5
GDS_R5,1,0,3,0.23590068519115448,0.10138382762670517,0,0.5
GDS_R5,1,1,1,0.01805281825363636,0.01673929952085018,0,0.5
GDS_R5,1,1,2,0.7588822245597839,0.05419154837727547,1,0.5
GDS_R5,1,1,3,0.2652616500854492,0.12137521058320999,0,0.5
GDS_R5,1,2,1,0.24489986896514893,0.040461357682943344,0,0.5
GDS_R5,1,2,2,0.7355405688285828,0.05157722160220146,1,0.5
GDS_R5,1,2,3,0.039406269788742065,0.04365398362278938,0,0.5
GDS_R5,1,3,1,0.3217519521713257,0.040773648768663406,0,0.5
GDS_R5,1,3,2,0.7316807508468628,0.04493012651801109,1,0.5
GDS_R5,1,3,3,0.0233889389783144,0.032023537904024124,0,0.5
GDS_R5,1,4,1,0.20083637535572052,0.04353974387049675,0,0.5
GDS_R5,1,4,2,0.7270327806472778,0.051798392087221146,1,0.5
GDS_R5,1,4,3,0.05152059718966484,0.06091756373643875,0,0.5
GDS_R5,2,0,1,0.02950918860733509,0.029028359800577164,0,0.5
GDS_R5,2,0,2,0.7910366654396057,0.06016658619046211,1,0.5
GDS_R5,2,0,3,0.15451858937740326,0.09009092301130295,0,0.5
GDS_R5,2,1,1,0.19784516096115112,0.043847642838954926,0,0.5
GDS_R5,2,1,2,0.7392329573631287,0.05514786019921303,1,0.5
GDS_R5,2,1,3,0.05149252712726593,0.04461411014199257,0,0.5
GDS_R5,2,2,1,0.20489685237407684,0.05401763319969177,0,0.5
GDS_R5,2,2,2,0.763038694858551,0.05490541830658913,1,0.5
GDS_R5,2,2,3,0.029623383656144142,0.03211088851094246,0,0.5
GDS_R5,2,3,1,0.10281703621149063,0.04344133660197258,0,0.5
GDS_R5,2,3,2,0.7856366634368896,0.05423222854733467,1,0.5
GDS_R5,2,3,3,0.06207536533474922,0.04456358030438423,0,0.5
GDS_R5,2,4,1,0.09540262818336487,0.04696142300963402,0,0.5
GDS_R5,2,4,2,0.7910475134849548,0.05333736911416054,1,0.5
GDS_R5,2,4,3,0.05506002530455589,0.04539581760764122,0,0.5
GDS_R5,3,0,1,0.16929791867733002,0.06480451673269272,0,0.5
GDS_R5,3,0,2,0.7033215165138245,0.04437209293246269,1,0.5
GDS_R5,3,0,3,0.08533815294504166,0.04974675923585892,0,0.5
GDS_R5,3,1,1,0.14792518317699432,0.03842059522867203,0,0.5
GDS_R5,3,1,2,0.7183151245117188,0.042298056185245514,1,0.5
GDS_R5,3,1,3,0.1166824921965599,0.06320011615753174,0,0.5
GDS_R5,3,2,1,0.2714965343475342,0.0373832993209362,0,0.5
GDS_R5,3,2,2,0.658477246761322,0.03926830738782883,1,0.5
GDS_R5,3,2,3,0.07066857069730759,0.04729897528886795,0,0.5
GDS_R5,3,3,1,0.05801551789045334,0.05476251244544983,0,0.5
GDS_R5,3,3,2,0.6723573207855225,0.06760857254266739,1,0.5
GDS_R5,3,3,3,0.2584225535392761,0.10588434338569641,0,0.5
GDS_R5,3,4,1,0.31748801469802856,0.03783941641449928,0,0.5
GDS_R5,3,4,2,0.6828774213790894,0.03575679659843445,1,0.5
GDS_R5,3,4,3,0.0362597294151783,0.04443403333425522,0,0.5
GDS_R5,4,0,1,0.31685951352119446,0.06089372560381889,0,0.5
GDS_R5,4,0,2,0.7535967230796814,0.051229774951934814,1,0.5
GDS_R5,4,0,3,0.012523721903562546,0.015452279709279537,0,0.5
GDS_R5,4,1,1,0.2204890251159668,0.06810735911130905,0,0.5
GDS_R5,4,1,2,0.7597482800483704,0.047678668051958084,1,0.5
GDS_R5,4,1,3,0.03405716270208359,0.03415679186582565,0,0.5
GDS_R5,4,2,1,0.15285778045654297,0.057316236197948456,0,0.5
GDS_R5,4,2,2,0.7656154036521912,0.036632124334573746,1,0.5
GDS_R5,4,2,3,0.054099615663290024,0.032503921538591385,0,0.5
GDS_R5,4,3,1,0.28528517484664917,0.05478852242231369,0,0.5
GDS_R5,4,3,2,0.7534319162368774,0.0439460463821888,1,0.5
GDS_R5,4,3,3,0.023293327540159225,0.03948041424155235,0,0.5
GDS_R5,4,4,1,0.3299729824066162,0.06285527348518372,0,0.5
GDS_R5,4,4,2,0.7339158058166504,0.0545102022588253,1,0.5
GDS_R5,4,4,3,0.019630352035164833,0.045504793524742126,0,0.5
GDS_R5,5,0,1,0.19138988852500916,0.06429214775562286,0,0.5
GDS_R5,5,0,2,0.8115115165710449,0.060413677245378494,1,0.5
GDS_R5,5,0,3,0.020188631489872932,0.018584968522191048,0,0.5
GDS_R5,5,1,1,0.2308657318353653,0.07894609123468399,0,0.5
GDS_R5,5,1,2,0.7806513905525208,0.07586342841386795,1,0.5
GDS_R5,5,1,3,0.01584436371922493,0.0178559347987175,0,0.5
GDS_R5,5,2,1,0.09405659884214401,0.0445341058075428,0,0.5
GDS_R5,5,2,2,0.8499209880828857,0.05017250031232834,1,0.5
GDS_R5,5,2,3,0.02730265073478222,0.025262637063860893,0,0.5
GDS_R5,5,3,1,0.2513325810432434,0.07157593965530396,0,0.5
GDS_R5,5,3,2,0.7543529272079468,0.06862041354179382,1,0.5
GDS_R5,5,3,3,0.016042757779359818,0.01566147431731224,0,0.5
GDS_R5,5,4,1,0.027200227603316307,0.02010381780564785,0,0.5
GDS_R5,5,4,2,0.7799903750419617,0.0647207573056221,1,0.5
GDS_R5,5,4,3,0.19558601081371307,0.1136195957660675,0,0.5
